,Accuracy,Precision,Recall,F1 Score
0,0.9,0.8888888888888888,0.8888888888888888,0.8888888888888888
